ID,Status,Data_Publicação,Dia_Semana,Horário,Formato,Tema_Post,Objetivo_Post,Keyword_Principal,Keyword_Secundária,Keyword_Terciária,Localização_Geo,Título_Hook_125_chars,Legenda_Completa,Alt_Text_Imagem,Hashtags,CTA,Engajamento_Previsto_Views,Engajamento_Previsto_Likes,Engajamento_Previsto_Saves,Engajamento_Previsto_Shares,Engajamento_Previsto_Comments,Prioridade_SEO,Responsável,Notas_Produção
POST-001,A Criar,2025-10-20,Monday,19:00,Carrossel,Educativo: O que é harmonização íntima masculina,Educar + Estabelecer autoridade,harmonização íntima masculina,estética íntima masculina,bioplastia peniana,Belo Horizonte,Harmonização íntima masculina: o que é e como funciona o procedimento que aumenta autoestima em 78% dos homens,"Harmonização íntima masculina: o que é e como funciona o procedimento que aumenta autoestima em 78% dos homens

Se você já ouviu falar mas nunca entendeu realmente o que é harmonização íntima masculina, este post é pra você.

📊 O QUE É
Procedimento minimamente invasivo que utiliza ácido hialurônico — mesma substância da harmonização facial — para aumentar circunferência do pênis entre 2-4cm de forma natural e reversível.

⚙️ COMO FUNCIONA
• Consulta de avaliação (mapeamento 3D)
• Anestesia local (sem dor)
• Aplicação em pontos estratégicos
• Duração: 30-45 minutos
• Alta no mesmo dia

✅ PRINCIPAIS BENEFÍCIOS
1. Aumento natural de contorno (2-4cm)
2. Resultado imediato (consolidação em 15 dias)
3. Sem cortes ou suturas
4. Procedimento reversível
5. Autoestima e confiança elevadas

📈 DADOS REAIS
67% dos homens que buscam o procedimento relatam que a principal motivação é autoestima, não apenas estética (SBU, 2024).

🩺 SEGURANÇA
Ácido hialurônico é biocompatível, usado há +20 anos em procedimentos estéticos. Aprovado por sociedades médicas internacionais.

📍 ONDE REALIZAMOS
Clínicas em Belo Horizonte, São Paulo e Rio de Janeiro com total privacidade e discrição.

Tem dúvidas? Comenta aqui ou manda DM com ""QUERO SABER"".

Salve este post para consultar depois.

#HarmonizaçãoÍntimaMasculina #BioplastiaPeniana #EstéticaÍntimaMasculina #AutoestimaMasculina #BeloHorizonte #SãoPaulo #RioDeJaneiro",Infográfico harmonização íntima masculina explicando procedimento com ácido hialurônico clínica Belo Horizonte,#HarmonizaçãoÍntimaMasculina #BioplastiaPeniana #EstéticaÍntimaMasculina #AutoestimaMasculina #BeloHorizonte #SãoPaulo #RioDeJaneiro,"Comenta dúvidas ou manda DM ""QUERO SABER""",2500,180,95,35,22,⭐⭐⭐⭐⭐,Equipe Conteúdo,Criar carrossel 8 slides. Slide 1: Capa com título. Slides 2-7: Benefícios/como funciona. Slide 8: CTA + localizações
POST-002,A Criar,2025-10-22,Wednesday,20:00,Reel,Educativo Visual: Passo a passo do procedimento,Desmistificar + Mostrar segurança,bioplastia peniana como funciona,aumento peniano sem cirurgia,ácido hialurônico pênis,São Paulo,Bioplastia peniana: veja em 30 segundos como funciona o procedimento que aumenta 2-4cm sem cirurgia,"Bioplastia peniana: veja em 30 segundos como funciona o procedimento que aumenta 2-4cm sem cirurgia

Muitos homens têm curiosidade mas não sabem como realmente funciona. Vou te mostrar de forma clara e sem tabu.

🔬 PASSO A PASSO:
1️⃣ Consulta: Avaliação + mapeamento
2️⃣ Preparação: Anestesia local
3️⃣ Aplicação: Ácido hialurônico em pontos estratégicos
4️⃣ Finalização: 30-45min e alta no mesmo dia

⏱️ RECUPERAÇÃO:
• 48h: Atividades normais
• 14 dias: Liberação para atividade sexual
• 30 dias: Resultado final consolidado

✅ SEM CIRURGIA, SEM CORTES
Procedimento minimamente invasivo, seguro e com resultado natural.

📍 Realizado em São Paulo, Belo Horizonte e Rio de Janeiro.

Quer tirar dúvidas? DM aberto ou link na bio.

#BioplastiaPeniana #HarmonizaçãoÍntimaMasculina #AumentoPeniano #SãoPaulo #ProcedimentoEstético",Vídeo demonstrando passo a passo bioplastia peniana procedimento ácido hialurônico São Paulo clínica certificada,#BioplastiaPeniana #HarmonizaçãoÍntimaMasculina #AumentoPeniano #SãoPaulo #ProcedimentoEstético,"DM ""PROCEDIMENTO"" para saber mais",5500,320,145,78,42,⭐⭐⭐⭐⭐,Equipe Vídeo,Reel 30-40s. Texto on-screen em cada etapa. Áudio trending. Loop no final. Legendas embutidas.
POST-003,A Criar,2025-10-24,Friday,19:30,Carrossel,Prova Social: Antes/Depois + Depoimentos,Gerar confiança + Mostrar resultados,antes e depois harmonização peniana,resultados harmonização íntima masculina,bioplastia peniana resultados,Rio de Janeiro,Antes e depois harmonização peniana: resultados reais de 15 pacientes que aumentaram autoestima em 30 dias,"Antes e depois harmonização peniana: resultados reais de 15 pacientes que aumentaram autoestima em 30 dias

""Minha confiança mudou completamente. Não é só estético, é emocional."" — L.M., 36 anos, Rio de Janeiro

📊 DADOS DOS RESULTADOS:
• Aumento médio: 2,8cm na circunferência
• 78% relatam melhora significativa na autoestima
• 92% recomendariam o procedimento
• 100% satisfação com discrição e atendimento

✅ O QUE MUDOU (Relatos Reais):
→ Confiança em relacionamentos
→ Menos insegurança em momentos íntimos
→ Simetria e harmonia natural
→ Zero arrependimento

🔬 PROTOCOLO UTILIZADO:
Harmonização com ácido hialurônico premium, mapeamento 3D e técnica de camadas para resultado proporcional ao corpo.

📍 Atendemos em Rio de Janeiro, São Paulo e Belo Horizonte.

Quer resultado semelhante? Manda DM com ""RESULTADOS"" ou clica no link da bio.

*Imagens compartilhadas com autorização. Rosto preservado por discrição.

Salve este post para ver os resultados quando decidir.

#AntesDepois #HarmonizaçãoÍntimaMasculina #ResultadosReais #BioplastiaPeniana #RioDeJaneiro #EstéticaMasculina",Carrossel antes depois harmonização peniana resultados reais clínica Rio de Janeiro Karina Rodovansky,#AntesDepois #HarmonizaçãoÍntimaMasculina #ResultadosReais #BioplastiaPeniana #RioDeJaneiro #EstéticaMasculina,"DM ""RESULTADOS"" ou link na bio",4200,285,220,95,58,⭐⭐⭐⭐⭐,Equipe Design + Conteúdo,"Carrossel 10 slides. Slides alternados: estatística + imagem antes/depois (ética, discreta). Último slide: CTA forte."
POST-004,A Criar,2025-10-27,Monday,18:30,Reel,Educativo: Pós-procedimento,Responder objeções + Tranquilizar,harmonização íntima masculina cuidados,pós-procedimento bioplastia peniana,recuperação harmonização peniana,Belo Horizonte,Cuidados pós harmonização íntima masculina: 5 dicas que garantem resultado perfeito e recuperação rápida,"Cuidados pós harmonização íntima masculina: 5 dicas que garantem resultado perfeito e recuperação rápida

Fiz o procedimento, e agora? Essas são as orientações que dou a TODOS os meus pacientes.

✅ 5 CUIDADOS ESSENCIAIS:

1️⃣ PRIMEIRAS 48H: Repouso relativo
→ Evite exercícios intensos
→ Use roupa íntima confortável (algodão)
→ Compressas frias se houver leve inchaço

2️⃣ HIGIENE: Limpeza delicada
→ Sabonete neutro
→ Secar com leve toque (não esfregar)
→ Evitar água muito quente

3️⃣ ABSTINÊNCIA SEXUAL: 14 dias
→ Tempo necessário para fixação do produto
→ Garante resultado ideal e duradouro

4️⃣ EVITAR: Sauna, piscina, praia (7 dias)
→ Reduz risco de inflamação
→ Protege área tratada

5️⃣ ACOMPANHAMENTO: Retorno em 15 dias
→ Avaliar resultado
→ Tirar dúvidas
→ Verificar consolidação

⏱️ TIMELINE DE RECUPERAÇÃO:
• 48h: Retorno atividades normais
• 7 dias: Desconforto zero
• 14 dias: Liberação sexual
• 30 dias: Resultado final

📍 Acompanho pessoalmente todos os pacientes em BH, SP e RJ.

Tem dúvidas sobre recuperação? Comenta aqui!

#CuidadosPós #HarmonizaçãoÍntimaMasculina #BioplastiaPeniana #Recuperação #BeloHorizonte",Reel educativo cuidados pós procedimento harmonização íntima masculina orientações Belo Horizonte,#CuidadosPós #HarmonizaçãoÍntimaMasculina #BioplastiaPeniana #Recuperação #BeloHorizonte,Comenta suas dúvidas,3800,245,185,62,48,⭐⭐⭐⭐,Equipe Vídeo,Reel 35-45s. Cada dica = 1 slide visual. Texto on-screen. Música calma/profissional. CTA final.
POST-005,A Criar,2025-10-30,Thursday,19:00,Carrossel,Institucional: Diferenciais da Clínica,Autoridade + Conversão,clínica harmonização íntima masculina,biomédica harmonização peniana,Karina Rodovansky estética íntima,"São Paulo, Belo Horizonte, Rio de Janeiro",Por que escolher a clínica certa faz TODA diferença na harmonização íntima masculina: 7 diferenciais,"Por que escolher a clínica certa faz TODA diferença na harmonização íntima masculina: 7 diferenciais que você deve exigir

Não é só sobre o procedimento. É sobre segurança, discrição e resultado natural.

🔬 7 DIFERENCIAIS DA NOSSA CLÍNICA:

1️⃣ CERTIFICAÇÃO TÉCNICA
→ +7 anos de experiência em estética íntima
→ Formação internacional em harmonização
→ Membro de sociedades médicas brasileiras

2️⃣ PROTOCOLO EXCLUSIVO
→ Mapeamento 3D pré-procedimento
→ Técnica de camadas para resultado natural
→ Ácido hialurônico premium importado

3️⃣ PRIVACIDADE TOTAL
→ Salas exclusivas (sem espera com outros pacientes)
→ Atendimento discreto e profissional
→ Sigilo absoluto

4️⃣ ACOMPANHAMENTO COMPLETO
→ Consulta pré-procedimento detalhada
→ Suporte 24h nos primeiros 7 dias
→ Retorno em 15 e 30 dias (sem custo)

5️⃣ SEGURANÇA EM PRIMEIRO LUGAR
→ Produtos 100% aprovados pela Anvisa
→ Ambiente esterilizado (protocolo hospitalar)
→ Equipe treinada em emergências

6️⃣ LOCALIZAÇÃO ESTRATÉGICA
→ Clínicas em Belo Horizonte, São Paulo e Rio de Janeiro
→ Fácil acesso e estacionamento
→ Atendimento em horários flexíveis

7️⃣ RESULTADOS COMPROVADOS
→ +500 procedimentos realizados
→ 98% taxa de satisfação
→ Portfolio de antes/depois (com autorização)

💬 ""Escolhi a clínica pela seriedade e discrição. Saí seguro de que estava em boas mãos."" — R.S., 42 anos, São Paulo

📍 Conheça nossa estrutura: link na bio ou DM com ""CLÍNICA"".

Sua autoestima merece o melhor.

#ClínicaKarinaRodovansky #HarmonizaçãoÍntimaMasculina #BioplastiaPeniana #SãoPaulo #BeloHorizonte #RioDeJaneiro #EstéticaMasculina",Carrossel mostrando diferenciais clínica Karina Rodovansky harmonização íntima masculina BH SP RJ,#ClínicaKarinaRodovansky #HarmonizaçãoÍntimaMasculina #BioplastiaPeniana #SãoPaulo #BeloHorizonte #RioDeJaneiro #EstéticaMasculina,"Link na bio ou DM ""CLÍNICA""",3200,210,125,48,35,⭐⭐⭐⭐,Equipe Design + Marketing,Carrossel 9 slides. Cada slide = 1 diferencial com ícone. Incluir foto da clínica (ambiente). Último slide: localizações + CTA.
POST-006,A Criar,2025-11-03,Monday,20:00,Reel,Educativo: Desmistificação,Quebrar objeções + Educar,mitos harmonização peniana,verdades bioplastia peniana,harmonização íntima masculina mitos,São Paulo,3 mitos sobre harmonização peniana que impedem 67% dos homens de buscar autoestima (e a verdade científica),"3 mitos sobre harmonização peniana que impedem 67% dos homens de buscar autoestima (e a verdade científica)

Vou direto ao ponto, sem tabu:

❌ MITO 1: ""É cirurgia de alto risco""
✅ REALIDADE: Procedimento minimamente invasivo, sem cortes. Taxa de complicação menor que 2% quando realizado por profissional certificado.

❌ MITO 2: ""Resultado fica artificial""
✅ REALIDADE: Com técnica correta e ácido hialurônico premium, aumento de 2-4cm é 100% natural e proporcional.

❌ MITO 3: ""Dói muito e recuperação é lenta""
✅ REALIDADE: Anestesia local elimina dor. Retorno às atividades em 48h. Liberação sexual em 14 dias.

📊 DADO REAL: Pesquisa SBU 2024 mostra que 67% dos homens que consideraram o procedimento NÃO fizeram por medo baseado em informações falsas.

Não deixe desinformação impedir sua autoconfiança.

Atendo em São Paulo, Belo Horizonte e Rio de Janeiro. Consulta 100% privativa e sem julgamento.

DM aberto para dúvidas reais. Só ciência.

#MitoVsVerdade #HarmonizaçãoÍntimaMasculina #BioplastiaPeniana #SãoPaulo #Desmistificação",Reel educativo desmistificando mitos sobre harmonização peniana bioplastia São Paulo,#MitoVsVerdade #HarmonizaçãoÍntimaMasculina #BioplastiaPeniana #SãoPaulo #Desmistificação,DM para dúvidas,7200,420,285,156,78,⭐⭐⭐⭐⭐,Equipe Vídeo,Reel dinâmico 40s. Cada mito = transição visual impactante. Texto on-screen grande. Áudio trending. Loop.
POST-007,A Criar,2025-11-05,Wednesday,19:30,Carrossel,Comercial: Preços e Investimento,Transparência + Conversão,quanto custa harmonização íntima masculina,preço bioplastia peniana,valor harmonização peniana,Belo Horizonte,"Quanto custa harmonização íntima masculina: valores, formas de pagamento e o que está REALMENTE incluído","Quanto custa harmonização íntima masculina: valores, formas de pagamento e o que está REALMENTE incluído

Vou ser 100% transparente sobre valores. Você merece saber antes de marcar consulta.

💰 INVESTIMENTO MÉDIO:
R$ 4.500 a R$ 8.000 (varia por técnica e quantidade de produto)

📊 O QUE INFLUENCIA O VALOR:
• Quantidade de ácido hialurônico necessária
• Técnica utilizada (camadas, mapeamento 3D)
• Objetivo do procedimento
• Produto utilizado (premium importado vs nacional)

✅ O QUE ESTÁ INCLUÍDO NO VALOR:
→ Consulta de avaliação completa
→ Mapeamento 3D pré-procedimento
→ Procedimento com ácido hialurônico premium
→ Anestesia local
→ Kit pós-procedimento (pomada, orientações)
→ Acompanhamento 30 dias
→ Retornos em 15 e 30 dias (sem custo adicional)

💳 FORMAS DE PAGAMENTO:
• À vista (pix/dinheiro): desconto de 5-10%
• Cartão: parcelamento em até 6x sem juros
• Cartão: parcelamento em até 12x (com juros)

📍 VALORES PRATICADOS EM:
Belo Horizonte | São Paulo | Rio de Janeiro

💬 ""Achei que seria inacessível. Parcelei em 6x e foi o melhor investimento que fiz em mim."" — M.T., 38 anos, BH

🚨 ATENÇÃO: Desconfie de valores muito abaixo da média (R$ 2.000-3.000). Produto de qualidade e profissional certificado têm custo.

Quer orçamento personalizado? Manda DM com ""ORÇAMENTO"" ou clica no link da bio.

Sua autoestima vale esse investimento.

#PreçoHarmonizaçãoÍntima #BioplastiaPeniana #InvestimentoAutoestima #BeloHorizonte #Transparência",Infográfico preços harmonização íntima masculina valores formas pagamento Belo Horizonte,#PreçoHarmonizaçãoÍntima #BioplastiaPeniana #InvestimentoAutoestima #BeloHorizonte #Transparência,"DM ""ORÇAMENTO"" ou link bio",6800,385,425,142,95,⭐⭐⭐⭐⭐,Equipe Design + Comercial,"Carrossel 8 slides. Visual limpo, profissional. Slide valores destacado. Incluir comparativo valor x benefício. CTA forte final."
POST-008,A Criar,2025-11-08,Saturday,18:00,Reel,Educativo: Segurança,Tranquilizar + Autoridade,harmonização íntima masculina é segura,bioplastia peniana riscos,ácido hialurônico pênis segurança,Rio de Janeiro,"Harmonização íntima masculina é segura? Veja certificações, protocolos e taxa de complicação real (dados científicos)","Harmonização íntima masculina é segura? Veja certificações, protocolos e taxa de complicação real (dados científicos)

A pergunta que TODO homem faz. Vou responder com dados, não com achismo.

🔬 DADOS CIENTÍFICOS:
• Ácido hialurônico é biocompatível (usado há +25 anos)
• Taxa de complicação: <2% (quando realizado por profissional)
• Aprovado por FDA, Anvisa e sociedades médicas
• Procedimento reversível (enzima hialuronidase dissolve)

✅ PROTOCOLOS DE SEGURANÇA:
1. Ambiente esterilizado (padrão hospitalar)
2. Produtos aprovados e rastreáveis
3. Anamnese completa (histórico de saúde)
4. Profissional certificado com +7 anos experiência
5. Suporte 24h pós-procedimento

⚠️ QUANDO NÃO É SEGURO:
❌ Profissionais sem certificação
❌ Produtos sem procedência
❌ Ambiente inadequado (clínicas clandestinas)
❌ Valor muito abaixo do mercado

💬 ""Pesquisei muito antes de fazer. A segurança da clínica e certificações me deram confiança."" — D.L., 41 anos, Rio de Janeiro

📍 Nossas clínicas (RJ, SP, BH) seguem protocolo internacional de biossegurança.

Certificações disponíveis para consulta na avaliação.

Tem dúvidas sobre segurança? Comenta aqui ou DM.

#SegurançaHarmonização #BioplastiaPeniana #HarmonizaçãoÍntimaMasculina #RioDeJaneiro #Certificação",Reel explicando segurança harmonização íntima masculina certificações protocolos Rio de Janeiro,#SegurançaHarmonização #BioplastiaPeniana #HarmonizaçãoÍntimaMasculina #RioDeJaneiro #Certificação,Comenta dúvidas,5200,295,215,88,62,⭐⭐⭐⭐⭐,Equipe Vídeo,"Reel 35-45s. Tom sério, profissional. Mostrar certificações (rápido). Dados em texto on-screen. Música institucional."
POST-009,A Criar,2025-11-10,Monday,19:00,Carrossel,Educativo: Qualificação,Qualificar leads + CTA forte,quem pode fazer harmonização íntima masculina,candidato ideal bioplastia peniana,perfil harmonização peniana,São Paulo,Checklist: você é candidato à harmonização íntima masculina? 7 critérios que indicam que o procedimento é pra você,"Checklist: você é candidato à harmonização íntima masculina? 7 critérios que indicam que o procedimento é pra você

Nem todo homem é candidato — e tudo bem. Veja se você se encaixa:

✅ VOCÊ É CANDIDATO SE:

□ Busca aumento de 2-4cm na circunferência
□ Deseja resultado natural (não exagerado)
□ Tem +18 anos e saúde geral boa
□ Prioriza procedimento sem internação
□ Está disposto a seguir 14 dias de abstinência pós-procedimento
□ Busca harmonização estética (não só tamanho)
□ Valoriza discrição e profissionalismo

❌ VOCÊ NÃO É CANDIDATO SE:

□ Tem expectativas irreais (dobrar tamanho)
□ Possui doenças autoimunes não controladas
□ Está em tratamento com anticoagulantes
□ Busca solução para disfunção erétil (não é a indicação)
□ Não pode seguir orientações pós-procedimento

📊 PERFIL MÉDIO DOS NOSSOS PACIENTES:
• Idade: 28-55 anos
• Motivação: 70% autoestima | 30% estética
• Profissão: Variada (executivos, atletas, autônomos)
• Estado civil: 55% casados | 45% solteiros

💬 ""Achei que não era candidato por ter 52 anos. Na consulta, descobri que idade não é limitação."" — A.R., São Paulo

📍 Atendemos em São Paulo, Belo Horizonte e Rio de Janeiro.

Marcou 5+ critérios? Manda DM com ""SOU CANDIDATO"" para avaliação.

Salve este checklist para decidir quando estiver pronto.

#ChecklistHarmonização #HarmonizaçãoÍntimaMasculina #BioplastiaPeniana #CandidatoIdeal #SãoPaulo",Checklist visual candidato ideal harmonização íntima masculina critérios São Paulo,#ChecklistHarmonização #HarmonizaçãoÍntimaMasculina #BioplastiaPeniana #CandidatoIdeal #SãoPaulo,"DM ""SOU CANDIDATO""",4800,285,380,125,72,⭐⭐⭐⭐⭐,Equipe Design,Carrossel 6 slides. Checklist interativo visual. Usar checkboxes grandes. Slide perfil médio. CTA forte final.
POST-010,A Criar,2025-11-13,Thursday,20:00,Reel,Prova Social: Depoimento,Gerar identificação + Confiança,depoimento harmonização íntima masculina,relato bioplastia peniana,experiência harmonização peniana,Belo Horizonte,Depoimento real: como a harmonização íntima masculina mudou minha confiança em 30 dias (relato completo),"Depoimento real: como a harmonização íntima masculina mudou minha confiança em 30 dias (relato completo)

""Eu evitava relacionamentos por insegurança. Hoje, minha confiança mudou completamente.""

📹 J.M., 36 anos, Belo Horizonte, fez harmonização íntima há 2 meses. Veja o depoimento dele (rosto preservado por discrição).

💬 TRECHOS DO RELATO:

""Sempre achei que era frescura, que autoestima vinha só de dentro. Mas a insegurança física afetava TUDO: relacionamentos, intimidade, até no trabalho eu me sentia menos.""

""Pesquisei 6 meses antes de fazer. O que me convenceu foi a transparência da Dra. Karina: ela não prometeu milagre, explicou limitações, mostrou resultados reais.""

""O procedimento foi rápido. Anestesia local, 40 minutos, fui embora no mesmo dia. Desconforto mínimo.""

""Em 15 dias, já estava liberado. O resultado é natural — ninguém percebe a menos que eu conte.""

""O que mudou não foi só estético. Foi a forma como eu me relaciono comigo mesmo. Valeu CADA centavo.""

📊 RESULTADO DE J.M.:
• Aumento: 3,2cm circunferência
• Recuperação: 48h atividades normais
• Satisfação: 10/10
• Recomendaria: Sim

📍 Procedimento realizado em Belo Horizonte.

Quer resultado semelhante? Atendemos em BH, SP e RJ.

DM com ""QUERO DEPOIMENTO"" para mais relatos ou agendamento.

*Depoimento compartilhado com autorização. Identidade preservada.

#DepoimentoReal #HarmonizaçãoÍntimaMasculina #BioplastiaPeniana #BeloHorizonte #ProvasReais",Vídeo depoimento paciente harmonização íntima masculina experiência real Belo Horizonte,#DepoimentoReal #HarmonizaçãoÍntimaMasculina #BioplastiaPeniana #BeloHorizonte #ProvasReais,"DM ""QUERO DEPOIMENTO""",8500,485,295,220,112,⭐⭐⭐⭐⭐,Equipe Vídeo + Paciente,Reel 50-60s. Áudio do depoimento (voz alterada se necessário). Texto on-screen com trechos. Vídeo com rosto desfocado. Emocional.
POST-011,A Criar,2025-11-17,Monday,18:30,Reel,Educativo: FAQ Rápido,Responder objeções + Engajamento,dúvidas harmonização íntima masculina,perguntas bioplastia peniana,FAQ harmonização peniana,Rio de Janeiro,7 perguntas sobre harmonização íntima masculina que TODO homem faz (e eu respondo em 40 segundos),"7 perguntas sobre harmonização íntima masculina que TODO homem faz (e eu respondo em 40 segundos)

As dúvidas mais frequentes, respondidas de forma direta:

1️⃣ Dói?
NÃO. Anestesia local. Desconforto mínimo (tipo vacina).

2️⃣ Quanto aumenta?
2-4cm na circunferência. Resultado natural.

3️⃣ É permanente?
Dura 18-24 meses. Retoque opcional depois.

4️⃣ Recuperação demora?
48h atividades normais. 14 dias liberação sexual.

5️⃣ Alguém percebe?
Não. Resultado natural. Só percebe se você contar.

6️⃣ Tem risco?
Menos de 2% complicação com profissional certificado.

7️⃣ Quanto custa?
R$ 4.500-8.000 (parcelável). Investimento em autoestima.

TEM MAIS DÚVIDAS?
Comenta aqui ou manda DM ""DÚVIDA"" que eu respondo pessoalmente.

📍 Atendo em Rio de Janeiro, São Paulo e Belo Horizonte.

Salve para consultar quando precisar decidir.

#FAQ #DúvidasFrequentes #HarmonizaçãoÍntimaMasculina #BioplastiaPeniana #RioDeJaneiro",Reel FAQ rápido perguntas frequentes harmonização íntima masculina Rio de Janeiro,#FAQ #DúvidasFrequentes #HarmonizaçãoÍntimaMasculina #BioplastiaPeniana #RioDeJaneiro,"Comenta ou DM ""DÚVIDA""",6200,365,285,142,98,⭐⭐⭐⭐⭐,Equipe Vídeo,Reel dinâmico 40s. Cada pergunta = transição rápida. Texto on-screen grande. Áudio trending. Loop no final.
POST-012,A Criar,2025-11-20,Thursday,19:30,Carrossel,Educativo: Comparativo Técnico,Educar + Posicionar ácido hialurônico,tipos harmonização íntima masculina,técnicas bioplastia peniana,ácido hialurônico vs PMMA,São Paulo,Ácido hialurônico vs PMMA vs Silicone: qual a MELHOR técnica para harmonização íntima masculina? (comparativo completo),"Ácido hialurônico vs PMMA vs Silicone: qual a MELHOR técnica para harmonização íntima masculina? (comparativo completo)

Existem várias técnicas. Vou te mostrar prós, contras e por que recomendo UMA específica.

🔬 COMPARATIVO TÉCNICAS:

1️⃣ ÁCIDO HIALURÔNICO (Recomendado ✅)
➕ Prós:
• Biocompatível (corpo absorve naturalmente)
• Resultado natural e modelável
• Reversível (enzima hialuronidase dissolve)
• Baixíssimo risco de rejeição
• Usado há +25 anos em estética

➖ Contras:
• Duração: 18-24 meses (requer retoque)
• Custo maior que alternativas permanentes

2️⃣ PMMA (Polimetilmetacrilato) ⚠️
➕ Prós:
• Permanente (não reabsorve)
• Custo menor

➖ Contras:
• Risco de nódulos/irregularidades (10-15%)
• Irreversível (difícil remoção)
• Resultado pode endurecer com tempo
• Rejeição mais comum

3️⃣ SILICONE INDUSTRIAL ❌ (Não Recomendado)
❌ Alto risco de:
• Migração do produto
• Rejeição severa
• Deformidades
• Complicações graves
• Ilegal na maioria dos países

📊 POR QUE RECOMENDO ÁCIDO HIALURÔNICO:

✅ Segurança comprovada cientificamente
✅ Resultado natural e proporcional
✅ Reversibilidade (segurança extra)
✅ Aprovado por FDA, Anvisa, sociedades médicas
✅ Baixíssima taxa de complicação (<2%)

💬 ""Pesquisei muito antes de escolher. A reversibilidade do ácido hialurônico me deu confiança para fazer."" — R.P., 43 anos, SP

📍 Utilizamos ácido hialurônico PREMIUM importado em todas as clínicas (BH, SP, RJ).

Quer entender qual técnica é ideal para você? DM com ""TÉCNICAS"" ou link na bio.

Salve este comparativo para não esquecer.

#TécnicasHarmonização #ÁcidoHialurônico #BioplastiaPeniana #HarmonizaçãoÍntimaMasculina #SãoPaulo #ComparativoTécnico",Carrossel comparativo técnicas harmonização íntima masculina ácido hialurônico PMMA silicone São Paulo,#TécnicasHarmonização #ÁcidoHialurônico #BioplastiaPeniana #HarmonizaçãoÍntimaMasculina #SãoPaulo #ComparativoTécnico,"DM ""TÉCNICAS""",5600,315,420,165,88,⭐⭐⭐⭐⭐,Equipe Design + Conteúdo,"Carrossel 7 slides. Visual tipo tabela comparativa. Usar cores: verde (ácido), amarelo (PMMA), vermelho (silicone). Dados técnicos. CTA forte."
POST-013,A Criar,2025-11-24,Monday,19:00,Reel,Institucional: Tour Clínica,Educar + Engajar,clínica harmonização íntima masculina tour,ambiente clínica bioplastia peniana,N/A,Belo Horizonte,Tour pela clínica de harmonização íntima em BH: veja o ambiente privativo e estrutura profissional,[A desenvolver conforme modelo na documentação],institucional: tour clínica clínica harmonização íntima masculina tour Belo Horizonte,#clínicaharmonizaçãoíntimamasculinatour #ambienteclínicabioplastiapeniana #BeloHorizonte,DM para saber mais ou link na bio,4200,252,125,105,63,⭐⭐⭐⭐,Equipe Vídeo,Criar Reel otimizado conforme manual SEOGRAM. Prioridade: ⭐⭐⭐⭐
POST-014,A Criar,2025-11-27,Thursday,20:00,Carrossel,Educativo: Psicológico/Emocional,Educar + Engajar,autoestima masculina estética íntima,confiança masculina harmonização,N/A,São Paulo,Autoestima masculina não é frescura: dados científicos sobre impacto psicológico da harmonização íntima,[A desenvolver conforme modelo na documentação],educativo: psicológico/emocional autoestima masculina estética íntima São Paulo,#autoestimamasculinaestéticaíntima #confiançamasculinaharmonização #SãoPaulo,DM para saber mais ou link na bio,3800,228,285,95,57,⭐⭐⭐⭐,Equipe Conteúdo,Criar Carrossel otimizado conforme manual SEOGRAM. Prioridade: ⭐⭐⭐⭐
POST-015,A Criar,2025-12-01,Monday,19:00,Reel,Educativo: Procedimentos Avançados,Educar + Engajar,harmonização íntima completa masculina,procedimentos combinados estética íntima,N/A,Rio de Janeiro,Harmonização íntima completa: como combinar procedimentos para resultado total (glande + corpo + escroto),[A desenvolver conforme modelo na documentação],educativo: procedimentos avançados harmonização íntima completa masculina Rio de Janeiro,#harmonizaçãoíntimacompletamasculina #procedimentoscombinadosestéticaíntima #RiodeJaneiro,DM para saber mais ou link na bio,6800,408,320,170,102,⭐⭐⭐⭐⭐,Equipe Vídeo,Criar Reel otimizado conforme manual SEOGRAM. Prioridade: ⭐⭐⭐⭐⭐
POST-016,A Criar,2025-12-04,Thursday,19:00,Carrossel,Educativo: Desmistificação Avançada,Educar + Engajar,mitos harmonização peniana parte 2,verdades bioplastia peniana avançado,N/A,Belo Horizonte,Mais 5 mitos sobre harmonização peniana que você PRECISA conhecer antes de decidir,[A desenvolver conforme modelo na documentação],educativo: desmistificação avançada mitos harmonização peniana parte 2 Belo Horizonte,#mitosharmonizaçãopenianaparte2 #verdadesbioplastiapenianaavançado #BeloHorizonte,DM para saber mais ou link na bio,5200,312,245,130,78,⭐⭐⭐⭐,Equipe Conteúdo,Criar Carrossel otimizado conforme manual SEOGRAM. Prioridade: ⭐⭐⭐⭐
POST-017,A Criar,2025-12-08,Monday,20:00,Reel,Educativo: Faixa Etária,Educar + Engajar,harmonização íntima masculina idade ideal,bioplastia peniana faixa etária,N/A,São Paulo,Qual idade ideal para harmonização íntima masculina? Dados de 500+ procedimentos mostram padrão,[A desenvolver conforme modelo na documentação],educativo: faixa etária harmonização íntima masculina idade ideal São Paulo,#harmonizaçãoíntimamasculinaidadeideal #bioplastiapenianafaixaetária #SãoPaulo,DM para saber mais ou link na bio,4600,276,185,115,69,⭐⭐⭐⭐,Equipe Vídeo,Criar Reel otimizado conforme manual SEOGRAM. Prioridade: ⭐⭐⭐⭐
POST-018,A Criar,2025-12-11,Thursday,19:00,Carrossel,Educativo: Gestão de Expectativas,Educar + Engajar,expectativa real harmonização íntima masculina,resultado realista bioplastia peniana,N/A,Rio de Janeiro,Expectativa vs Realidade: o que você REALMENTE pode esperar da harmonização íntima masculina,[A desenvolver conforme modelo na documentação],educativo: gestão de expectativas expectativa real harmonização íntima masculina Rio de Janeiro,#expectativarealharmonizaçãoíntimamasculina #resultadorealistabioplastiapeniana #RiodeJaneiro,DM para saber mais ou link na bio,5800,348,365,145,87,⭐⭐⭐⭐⭐,Equipe Conteúdo,Criar Carrossel otimizado conforme manual SEOGRAM. Prioridade: ⭐⭐⭐⭐⭐
POST-019,A Criar,2025-12-15,Monday,19:00,Reel,Educativo: Comparativo Cirúrgico,Educar + Engajar,cirurgia aumento peniano vs bioplastia,diferença procedimento cirúrgico não cirúrgico,N/A,Belo Horizonte,"Cirurgia vs Bioplastia: qual melhor para aumento peniano? Comparativo completo (tempo, custo, resultado)",[A desenvolver conforme modelo na documentação],educativo: comparativo cirúrgico cirurgia aumento peniano vs bioplastia Belo Horizonte,#cirurgiaaumentopenianovsbioplastia #diferençaprocedimentocirúrgiconãocirúrgico #BeloHorizonte,DM para saber mais ou link na bio,7200,432,425,180,108,⭐⭐⭐⭐⭐,Equipe Vídeo,Criar Reel otimizado conforme manual SEOGRAM. Prioridade: ⭐⭐⭐⭐⭐
POST-020,A Criar,2025-12-18,Thursday,19:00,Reel,Prova Social: Depoimento Emocional,Educar + Engajar,depoimento harmonização íntima masculina 2,relato paciente bioplastia peniana,N/A,São Paulo,"Depoimento: ""Harmonização íntima mudou minha vida sexual e profissional"" - relato completo",[A desenvolver conforme modelo na documentação],prova social: depoimento emocional depoimento harmonização íntima masculina 2 São Paulo,#depoimentoharmonizaçãoíntimamasculina2 #relatopacientebioplastiapeniana #SãoPaulo,DM para saber mais ou link na bio,8800,528,285,220,132,⭐⭐⭐⭐⭐,Equipe Vídeo,Criar Reel otimizado conforme manual SEOGRAM. Prioridade: ⭐⭐⭐⭐⭐
POST-021,A Criar,2025-12-22,Monday,19:00,Carrossel,Educativo: Manutenção,Educar + Engajar,manutenção harmonização íntima masculina,retoque bioplastia peniana quando fazer,N/A,Rio de Janeiro,Quanto tempo dura harmonização íntima masculina? Guia completo de manutenção e retoque,[A desenvolver conforme modelo na documentação],educativo: manutenção manutenção harmonização íntima masculina Rio de Janeiro,#manutençãoharmonizaçãoíntimamasculina #retoquebioplastiapenianaquandofazer #RiodeJaneiro,DM para saber mais ou link na bio,4800,288,320,120,72,⭐⭐⭐⭐,Equipe Conteúdo,Criar Carrossel otimizado conforme manual SEOGRAM. Prioridade: ⭐⭐⭐⭐
POST-022,A Criar,2025-12-25,Thursday,19:00,Reel,Educativo: Dor e Desconforto,Educar + Engajar,harmonização íntima masculina dói,dor bioplastia peniana verdade,N/A,Belo Horizonte,A verdade sobre dor na harmonização íntima masculina: escala de 0-10 (relatos reais de pacientes),[A desenvolver conforme modelo na documentação],educativo: dor e desconforto harmonização íntima masculina dói Belo Horizonte,#harmonizaçãoíntimamasculinadói #dorbioplastiapenianaverdade #BeloHorizonte,DM para saber mais ou link na bio,6400,384,245,160,96,⭐⭐⭐⭐⭐,Equipe Vídeo,Criar Reel otimizado conforme manual SEOGRAM. Prioridade: ⭐⭐⭐⭐⭐
POST-023,A Criar,2025-12-29,Monday,19:00,Carrossel,Educativo: Preparação,Educar + Engajar,preparação harmonização íntima masculina,antes procedimento bioplastia peniana,N/A,São Paulo,Checklist pré-procedimento: 10 coisas que você DEVE fazer antes da harmonização íntima masculina,[A desenvolver conforme modelo na documentação],educativo: preparação preparação harmonização íntima masculina São Paulo,#preparaçãoharmonizaçãoíntimamasculina #antesprocedimentobioplastiapeniana #SãoPaulo,DM para saber mais ou link na bio,4200,252,385,105,63,⭐⭐⭐⭐,Equipe Conteúdo,Criar Carrossel otimizado conforme manual SEOGRAM. Prioridade: ⭐⭐⭐⭐
POST-024,A Criar,2026-01-01,Thursday,19:00,Reel,Educativo: Casos Complexos,Educar + Engajar,harmonização íntima masculina casos especiais,correção assimetria peniana,N/A,Rio de Janeiro,"Harmonização corretiva: como tratar assimetria, cicatrizes e casos especiais (técnica avançada)",[A desenvolver conforme modelo na documentação],educativo: casos complexos harmonização íntima masculina casos especiais Rio de Janeiro,#harmonizaçãoíntimamasculinacasosespeciais #correçãoassimetriapeniana #RiodeJaneiro,DM para saber mais ou link na bio,5200,312,265,130,78,⭐⭐⭐⭐,Equipe Vídeo,Criar Reel otimizado conforme manual SEOGRAM. Prioridade: ⭐⭐⭐⭐
POST-025,A Criar,2026-01-05,Monday,19:00,Carrossel,Educativo: Impacto Relacional,Educar + Engajar,harmonização íntima masculina relacionamentos,impacto vida sexual bioplastia peniana,N/A,Belo Horizonte,Como harmonização íntima masculina impacta relacionamentos: dados de pesquisa com 200 casais,[A desenvolver conforme modelo na documentação],educativo: impacto relacional harmonização íntima masculina relacionamentos Belo Horizonte,#harmonizaçãoíntimamasculinarelacionamentos #impactovidasexualbioplastiapeniana #BeloHorizonte,DM para saber mais ou link na bio,5600,336,325,140,84,⭐⭐⭐⭐,Equipe Conteúdo,Criar Carrossel otimizado conforme manual SEOGRAM. Prioridade: ⭐⭐⭐⭐
POST-026,A Criar,2026-01-08,Thursday,19:00,Carrossel,Post Âncora: Guia Completo,Educar + Engajar,guia completo harmonização íntima masculina 2025,tudo sobre bioplastia peniana,N/A,"São Paulo, Belo Horizonte, Rio de Janeiro",GUIA DEFINITIVO 2025: harmonização íntima masculina de A a Z (salve para consultar sempre),[A desenvolver conforme modelo na documentação],"post âncora: guia completo guia completo harmonização íntima masculina 2025 São Paulo, Belo Horizonte, Rio de Janeiro",#guiacompletoharmonizaçãoíntimamasculina2025 #tudosobrebioplastiapeniana #SãoPauloBeloHorizonteRiodeJaneiro,DM para saber mais ou link na bio,9500,570,685,237,142,⭐⭐⭐⭐⭐,Equipe Conteúdo,Criar Carrossel otimizado conforme manual SEOGRAM. Prioridade: ⭐⭐⭐⭐⭐
POST-027,A Criar,2026-01-12,Monday,19:00,Reel,Educativo: Escolha de Profissional,Educar + Engajar,como escolher profissional harmonização íntima,certificação biomédica bioplastia peniana,N/A,Rio de Janeiro,5 sinais de que você está escolhendo o profissional ERRADO para harmonização íntima masculina,[A desenvolver conforme modelo na documentação],educativo: escolha de profissional como escolher profissional harmonização íntima Rio de Janeiro,#comoescolherprofissionalharmonizaçãoíntima #certificaçãobiomédicabioplastiapeniana #RiodeJaneiro,DM para saber mais ou link na bio,6800,408,385,170,102,⭐⭐⭐⭐⭐,Equipe Vídeo,Criar Reel otimizado conforme manual SEOGRAM. Prioridade: ⭐⭐⭐⭐⭐
POST-028,A Criar,2026-01-15,Thursday,19:00,Carrossel,Educativo: ROI Emocional,Educar + Engajar,vale pena harmonização íntima masculina,custo benefício bioplastia peniana,N/A,São Paulo,Análise custo-benefício: vale a pena investir R$ 6.000 em harmonização íntima masculina?,[A desenvolver conforme modelo na documentação],educativo: roi emocional vale pena harmonização íntima masculina São Paulo,#valepenaharmonizaçãoíntimamasculina #custobenefíciobioplastiapeniana #SãoPaulo,DM para saber mais ou link na bio,5400,324,425,135,81,⭐⭐⭐⭐,Equipe Conteúdo,Criar Carrossel otimizado conforme manual SEOGRAM. Prioridade: ⭐⭐⭐⭐
POST-029,A Criar,2026-01-17,Saturday,19:00,Reel,Prova Social: Depoimento Casal,Educar + Engajar,depoimento casal harmonização íntima masculina,parceira opina bioplastia peniana,N/A,Belo Horizonte,"Depoimento de CASAL: ""A harmonização melhorou nossa intimidade"" - relato conjunto",[A desenvolver conforme modelo na documentação],prova social: depoimento casal depoimento casal harmonização íntima masculina Belo Horizonte,#depoimentocasalharmonizaçãoíntimamasculina #parceiraopinabioplastiapeniana #BeloHorizonte,DM para saber mais ou link na bio,9200,552,365,230,138,⭐⭐⭐⭐⭐,Equipe Vídeo,Criar Reel otimizado conforme manual SEOGRAM. Prioridade: ⭐⭐⭐⭐⭐
POST-030,A Criar,2026-01-18,Sunday,19:00,Carrossel,Conversão: Agendamento,Educar + Engajar,agendar harmonização íntima masculina,consulta bioplastia peniana BH SP RJ,N/A,"Belo Horizonte, São Paulo, Rio de Janeiro","Pronto para transformar sua autoestima? Como agendar harmonização íntima masculina em BH, SP ou RJ",[A desenvolver conforme modelo na documentação],"conversão: agendamento agendar harmonização íntima masculina Belo Horizonte, São Paulo, Rio de Janeiro",#agendarharmonizaçãoíntimamasculina #consultabioplastiapenianaBHSPRJ #BeloHorizonteSãoPauloRiodeJaneiro,DM para saber mais ou link na bio,6200,372,285,155,93,⭐⭐⭐⭐⭐,Equipe Conteúdo,Criar Carrossel otimizado conforme manual SEOGRAM. Prioridade: ⭐⭐⭐⭐⭐
