Dia,Semana,Meta Semanal,Tema do Dia,Formato,Palavra-Chave Principal,Hashtags Estratégicas (5-10),Gatilho SEO/Algoritmo
1,Semana 1,Fundação SEO + Indexação Google,Atualização Bio + Destaques SEO,Bio + Destaques,Dra Karina Rodovansky harmonização íntima masculina BH SP,#HarmonizacaoIntimaMasculina #Intimax #DraKarinaRodovansky #EsteticaMasculina #BeloHorizonte,Indexação Google + Completude de perfil
2,Semana 1,Fundação SEO + Indexação Google,Reel: O que é harmonização íntima masculina?,Reels,o que é harmonização íntima masculina,#HarmonizacaoIntima #AutoestimaMasculina #ProcedimentoSeguro #EsteticaBiomedica #BH,PAA (People Also Ask) + Volume educacional
3,Semana 1,Fundação SEO + Indexação Google,Carrossel: 5 mitos sobre harmonização íntima,Carrossel,mitos harmonização íntima,#MitosHarmonizacao #HarmonizacaoIntimaMasculina #VerdadesEstetica #Intimax,Engagement bait + Compartilhamento
4,Semana 1,Fundação SEO + Indexação Google,Story: Bastidores da clínica (técnica e segurança),Stories,procedimento seguro harmonização,#BastidoresClinica #BiomedicinaeEstética #SegurancaProcedimento #HarmonizacaoIntima,Behind the scenes + Trust
5,Semana 1,Fundação SEO + Indexação Google,Post: Certificações internacionais (EUA + Dubai),Post,certificação internacional harmonização íntima,#CertificacaoInternacional #HarmonizacaoIntima #DraKarinaRodovansky #USA #Dubai,E-E-A-T: Expertise
6,Semana 1,Fundação SEO + Indexação Google,Reel: Antes e depois éticos (resultado natural),Reels,antes e depois harmonização íntima masculina,#AntesDepois #ResultadoNatural #HarmonizacaoIntimaMasculina #Intimax,Visual proof + High CTR
7,Semana 1,Fundação SEO + Indexação Google,"Story: Enquete ""Você sabia que harmonização íntima é indolor?""",Stories,harmonização íntima indolor,#HarmonizacaoIndolor #MitoOuVerdade #EsteticaMasculina,Interaction rate + Saves
8,Semana 2,Autoridade + Prova Social,Post: Formação Dra. Karina (Biomedicina Estética),Post,biomedica especialista harmonização íntima,#BiomedicaEspecialista #FormacaoInternacional #HarmonizacaoIntima #Expertise,E-E-A-T: Expertise
9,Semana 2,Autoridade + Prova Social,Reel: Por que o método Intimax é diferente?,Reels,método Intimax exclusivo,#MetodoIntimax #TecnicaExclusiva #HarmonizacaoIntimaMasculina #Referencia,Branded keyword + Diferenciação
10,Semana 2,Autoridade + Prova Social,Carrossel: Passo a passo do procedimento,Carrossel,passo a passo harmonização íntima,#PassoAPasso #HarmonizacaoIntima #ProcedimentoSeguro #Educacao,Tutorial + Watch time
11,Semana 2,Autoridade + Prova Social,Story: Depoimento paciente (áudio + legenda),Stories,depoimento harmonização íntima masculina,#DepoimentoReal #HarmonizacaoIntimaMasculina #ProvaSocial #ResultadoNatural,UGC + Social proof
12,Semana 2,Autoridade + Prova Social,Post: Palestrante em congresso nacional,Post,congresso harmonização íntima,#CongressoBiomedicina #PalestranteEstetica #AutoridadeHarmonizacao,E-E-A-T: Authority
13,Semana 2,Autoridade + Prova Social,Reel: Dúvidas frequentes sobre harmonização íntima,Reels,dúvidas harmonização íntima masculina,#DuvidasFrequentes #HarmonizacaoIntima #FAQ #EsteticaMasculina,FAQ targeting + PAA
14,Semana 2,Autoridade + Prova Social,Story: Tour pela clínica BH,Stories,clínica harmonização íntima Belo Horizonte,#ClinicaBH #HarmonizacaoIntimaBH #DraKarinaRodovansky #BeloHorizonte,Local SEO + Geo-tag
15,Semana 3,Engajamento + Conversão,Post: O que muda na autoestima após o procedimento?,Post,autoestima masculina harmonização íntima,#AutoestimaMasculina #HarmonizacaoIntima #QualidadeDeVida #BemEstar,Emotional connection + Saves
16,Semana 3,Engajamento + Conversão,Reel: Harmonização íntima masculina vs feminina,Reels,harmonização íntima masculina feminina diferença,#HarmonizacaoMasculinaFeminina #Diferenca #EsteticaIntima #Educacao,Comparison keyword + Educational
17,Semana 3,Engajamento + Conversão,Carrossel: 7 benefícios da harmonização íntima,Carrossel,benefícios harmonização íntima masculina,#BeneficiosHarmonizacao #AutoestimaMasculina #ConfiancaIntima #Intimax,List post + Carousel swipes
18,Semana 3,Engajamento + Conversão,Story: Bastidores de curso ministrado,Stories,curso harmonização íntima,#CursoHarmonizacao #FormacaoProfissional #BiomedicinaeEstética,Authority signal + E-E-A-T
19,Semana 3,Engajamento + Conversão,Post: Matéria/entrevista sobre harmonização íntima,Post,entrevista harmonização íntima,#EntrevistaHarmonizacao #MidiaEstetica #AutoridadeNacional #DraKarina,Backlink signal + Media mention
20,Semana 3,Engajamento + Conversão,Reel: Quanto tempo dura o resultado?,Reels,quanto tempo dura harmonização íntima,#TempoResultado #DuracaoHarmonizacao #HarmonizacaoIntimaMasculina,Commercial intent + Conversion
21,Semana 3,Engajamento + Conversão,"Story: Quiz ""Mito ou Verdade sobre harmonização""",Stories,mito verdade harmonização íntima,#MitoOuVerdade #HarmonizacaoIntima #QuizEstetica #Educacao,Engagement + Quiz
22,Semana 4,Escala + Dominância SERP,Post: Autoestima masculina e qualidade de vida,Post,autoestima masculina qualidade vida,#AutoestimaMasculina #QualidadeVida #Harmoniza çãoIntima #Autocuidado,Long-form + Depth
23,Semana 4,Escala + Dominância SERP,Reel: Como escolher profissional para harmonização íntima,Reels,como escolher profissional harmonização íntima,#EscolherProfissional #HarmonizacaoIntima #Seguranca #Criterios,How-to + Educational value
24,Semana 4,Escala + Dominância SERP,Carrossel: Harmonização íntima em BH e SP,Carrossel,harmonização íntima BH SP,#HarmonizacaoIntimaBH #HarmonizacaoIntimaSP #ClinicaBH #ClinicaSP,Local intent + Transactional
25,Semana 4,Escala + Dominância SERP,Story: Agendamento aberto para novembro,Stories,agendar harmonização íntima,#AgendarConsulta #HarmonizacaoIntima #VagasLimitadas #Novembro2025,CTA urgency + Micro-conversion
26,Semana 4,Escala + Dominância SERP,Post: Ácido hialurônico: segurança e eficácia,Post,ácido hialurônico harmonização íntima,#AcidoHialuronico #Seguranca #HarmonizacaoIntima #TecnicaBiomedica,YMYL compliance + Trust
27,Semana 4,Escala + Dominância SERP,Reel: Depoimento paciente BH (resultado natural),Reels,depoimento resultado natural harmonização,#DepoimentoReal #ResultadoNatural #HarmonizacaoBH #ProvaSocial,Testimonial + Proof
28,Semana 4,Escala + Dominância SERP,Story: Live anunciada sobre harmonização íntima,Stories,live harmonização íntima,#LiveHarmonizacao #AoVivo #DraKarinaRodovansky #TireS uasDuvidas,Event + Urgency
29,Semana 4,Escala + Dominância SERP,Post: Por que harmonização íntima é tendência em 2025,Post,harmonização íntima tendência 2025,#Tendencia2025 #HarmonizacaoIntima #EsteticaMasculina #AutocuidadoMasculino,Trend + Relevance
30,Semana 4,Escala + Dominância SERP,"Reel: CTA final ""Agende sua avaliação personalizada""",Reels,agendar avaliação harmonização íntima,#AvaliacaoPersonalizada #AgendarAgora #MetodoIntimax #DraKarinaRodovansky,CTA final + Conversion
